County of Residence,2020-03-20,2020-03-21,2020-03-22,2020-03-23,2020-03-24,2020-03-25,2020-03-26,2020-03-27,2020-03-28,2020-03-29,2020-03-30,2020-03-31,2020-04-01,2020-04-02,2020-04-03,2020-04-04,2020-04-05,2020-04-06,2020-04-07,2020-04-08,2020-04-09,2020-04-10,2020-04-11,2020-04-12,2020-04-13,2020-04-14,2020-04-15,2020-04-16,2020-04-17,2020-04-18,2020-04-19,2020-04-20,2020-04-21,2020-04-22,2020-04-23,2020-04-24,2020-04-25,2020-04-26,2020-04-27,2020-04-28,2020-04-29,2020-04-30,2020-05-01,2020-05-02,2020-05-03,2020-05-04,2020-05-05,2020-05-06,2020-05-07,2020-05-08,2020-05-09,2020-05-10,2020-05-11,2020-05-12,2020-05-13,2020-05-14,2020-05-15,2020-05-16
Bell,2,3,3,3,4,18,19,20,28,28,28,36,44,46,51,51,58,58,68,71,74,84,91,101,101,107,110,115,124,126,126,126,135,145,153,161,165,165,165,173,180,189,189,193,194,194,210,210,213,218,220,220,220,223,231,237,242,248
Bexar,12,22,24,24,32,69,84,113,125,140,157,168,207,229,254,342,384,410,456,503,554,615,665,723,772,794,815,890,918,959,992,1015,1029,1080,1126,1167,1195,1231,1254,1275,1307,1326,1374,1477,1585,1613,1652,1677,1761,1805,1835,1901,1901,1920,1942,1976,2041,2120
Bowie,1,1,1,1,1,1,1,2,3,3,4,9,9,9,10,17,17,14,17,20,23,29,30,32,32,32,37,45,53,56,57,57,64,66,66,67,67,68,68,69,69,70,74,76,76,76,79,76,76,76,76,76,76,80,82,120,122,130
Brazoria,3,4,12,12,18,19,33,39,52,61,61,79,95,109,123,136,144,144,167,173,184,199,216,225,237,250,259,272,285,302,304,315,333,345,382,392,417,445,449,464,476,485,509,537,542,551,566,570,588,613,644,656,661,673,686,710,712,721
Brazos,2,2,2,2,4,16,21,30,36,40,44,46,53,63,68,72,75,94,94,97,108,114,116,134,140,143,149,151,158,164,169,170,170,173,177,177,181,181,182,182,188,193,197,202,208,208,209,219,232,243,256,265,271,278,287,301,305,312
Cameron,1,1,6,6,6,6,7,10,13,20,20,26,26,37,55,62,77,87,101,108,118,147,159,195,195,216,239,254,270,279,298,298,310,310,321,333,354,366,366,376,387,401,412,421,432,432,443,454,469,483,494,512,512,527,544,569,582,582
Collin,12,13,21,24,24,45,53,88,118,128,134,160,184,184,227,256,256,287,306,343,378,406,425,441,453,472,477,494,505,521,522,527,544,570,584,609,639,654,663,676,692,710,724,766,784,789,804,828,839,857,887,901,918,939,963,978,993,1008
Crane,1,1,1,1,1,1,1,1,1,1,1,1,2,2,2,2,2,2,2,2,2,2,2,2,2,2,2,2,2,2,2,2,2,2,2,2,2,2,2,2,2,2,2,2,2,2,2,2,2,2,2,2,2,2,2,2,2,2
Dallas,22,29,30,33,34,169,303,367,367,439,488,549,631,731,831,921,1015,1112,1155,1261,1324,1432,1537,1644,1723,1788,1877,1986,2066,2190,2324,2428,2512,2602,2683,2763,2834,2909,3014,3105,3240,3352,3531,3718,3899,4133,4370,4623,4869,5120,5369,5619,5870,6123,6359,6602,6837,7036
Denton,6,9,12,12,20,30,70,83,137,148,165,191,206,231,254,273,288,304,337,366,398,426,454,474,482,507,521,547,564,585,592,593,598,619,644,661,680,702,713,725,738,748,765,786,799,803,806,832,846,872,902,914,922,946,968,989,1016,1040
DeWitt,1,1,1,1,1,0,0,0,0,0,0,0,0,0,0,0,0,0,0,0,0,0,0,0,0,0,0,0,0,0,0,0,0,0,0,0,0,0,0,0,0,0,0,0,0,0,0,0,0,0,15,15,15,17,17,17,17,17
El Paso,3,8,6,6,7,11,21,21,31,35,40,46,50,68,78,96,106,115,125,153,192,225,252,269,292,300,346,393,451,482,505,531,540,587,645,674,706,780,802,829,857,887,924,961,986,998,1029,1080,1119,1190,1276,1322,1340,1348,1413,1456,1607,1655
Ellis,2,2,3,3,5,6,6,10,13,13,15,16,20,26,27,29,32,29,35,41,50,58,66,66,66,72,76,81,82,83,83,90,100,110,111,121,127,127,133,133,143,148,148,166,166,169,176,184,188,193,202,202,211,216,221,236,241,247
Fannin,1,1,1,1,1,1,1,1,1,1,1,1,1,1,2,2,2,2,2,4,4,5,5,5,5,5,5,5,5,7,7,8,9,12,13,13,15,15,16,17,18,18,18,19,19,20,20,22,23,23,23,23,23,23,24,24,24,25
Fort Bend,11,11,11,11,11,46,54,86,101,101,119,119,163,194,221,255,268,280,318,417,437,485,518,536,536,543,627,627,656,755,755,783,799,808,870,889,905,919,952,957,973,1018,1052,1079,1133,1183,1187,1245,1287,1332,1357,1370,1385,1404,1404,1452,1471,1510
Galveston,4,6,9,15,15,21,27,40,49,49,70,92,106,118,130,136,222,240,256,272,287,308,341,355,355,377,392,401,421,438,450,455,468,479,491,507,522,539,541,548,554,572,595,614,629,636,648,659,669,672,676,680,685,686,688,691,693,696
Gregg,1,1,1,1,1,1,3,4,4,4,5,5,6,7,8,13,13,10,20,22,35,37,39,39,39,45,46,48,48,50,51,51,52,53,55,58,58,62,66,69,69,73,80,87,87,87,97,107,109,117,117,118,118,132,136,138,142,170
Harris,24,25,27,27,27,134,185,203,229,445,526,563,680,847,955,1106,1284,1395,1809,2146,2341,3047,3261,3561,3629,3747,3907,4097,4306,4460,4653,4823,4977,5143,5211,5330,5482,5628,5729,5827,5986,6161,6356,6551,6708,6838,6967,7128,7244,7377,7594,7803,7878,8176,8416,8621,8817,9050
Hays,4,5,6,6,6,7,9,13,13,13,16,24,38,42,45,47,50,54,59,61,77,79,82,82,82,82,93,109,109,109,109,109,109,140,140,140,148,148,148,155,161,165,165,167,167,168,176,176,176,195,203,203,203,203,214,217,219,219
Hockley,1,2,2,3,3,3,5,5,7,7,7,7,7,7,7,7,10,10,10,10,12,12,13,14,14,14,15,15,15,15,16,16,16,17,18,19,20,20,20,20,20,20,21,20,20,20,20,20,19,20,20,20,20,20,23,22,23,23
Johnson,2,2,2,2,2,3,3,6,8,8,8,8,12,17,18,21,23,21,24,25,25,27,28,28,28,31,34,37,37,39,39,41,44,47,50,54,57,57,58,62,67,69,69,82,82,83,87,95,97,99,100,100,103,107,110,117,119,123
Lavaca,1,1,1,1,1,1,1,1,3,1,1,1,1,1,1,2,2,2,2,3,4,4,4,4,4,4,4,4,4,4,4,4,4,4,5,5,5,5,5,5,5,6,6,6,6,6,6,6,6,6,6,6,6,6,7,7,7,8
Lubbock,1,2,2,2,2,12,19,23,31,41,51,77,100,108,117,138,151,154,180,191,214,234,249,270,307,317,330,367,401,407,419,430,445,458,470,481,494,497,499,504,507,516,535,543,549,553,560,567,575,582,583,589,592,598,605,607,614,616
Matagorda,3,3,3,3,3,6,9,9,10,12,13,13,25,29,32,33,33,37,37,38,38,38,43,46,47,49,50,50,50,51,51,51,56,55,57,58,59,58,58,60,60,60,60,62,61,61,62,62,62,62,62,62,62,62,62,62,63,63
McLennan,7,7,7,7,7,23,28,33,34,36,36,39,44,48,49,50,51,53,56,62,62,66,68,69,71,72,74,74,76,76,76,76,77,78,81,81,81,81,82,87,87,88,89,91,91,91,91,92,92,94,94,94,94,94,96,96,96,97
Medina,1,1,1,1,1,1,1,3,3,3,3,3,3,3,3,3,4,4,6,7,9,10,12,13,13,13,13,15,15,15,15,15,15,17,17,17,19,19,19,19,19,20,20,20,20,20,20,20,21,22,22,31,32,38,45,47,48,49
Montgomery,4,4,4,4,4,23,31,41,47,64,66,81,93,110,110,130,142,149,161,197,210,231,245,251,251,266,308,331,350,370,377,377,393,417,440,467,496,506,506,530,562,582,602,629,634,634,640,662,672,689,699,699,699,724,742,758,773,798
Rusk,1,1,1,1,1,1,2,2,2,3,3,3,5,6,7,11,12,11,12,14,14,14,14,16,15,16,17,24,25,27,27,27,27,28,28,30,30,32,32,33,33,35,36,36,36,36,38,39,40,40,40,40,40,40,40,40,40,42
Smith,5,5,5,5,5,14,16,21,27,30,32,32,37,47,53,57,57,57,63,75,82,88,93,93,96,101,103,108,108,116,121,121,123,124,125,131,131,132,134,139,139,142,144,146,146,146,155,156,165,170,170,174,174,177,185,186,189,189
Tarrant,5,8,8,9,35,71,90,100,114,139,139,175,273,288,325,383,404,418,452,517,588,637,705,787,806,876,929,990,1093,1175,1229,1242,1249,1333,1430,1559,1706,1836,1947,2019,2088,2149,2246,2388,2503,2584,2624,2686,2813,2956,3127,3210,3695,3745,3810,4076,4211,4266
Travis,21,22,22,22,22,98,119,137,160,179,200,206,244,305,351,430,460,484,502,554,597,642,690,744,774,856,900,977,1029,1074,1092,1108,1174,1233,1263,1312,1379,1396,1412,1464,1539,1591,1654,1683,1714,1756,1816,1876,1946,2002,2071,2095,2127,2171,2235,2288,2345,2381
Webb,1,2,4,4,5,8,10,13,19,25,32,37,45,57,65,83,98,106,122,135,155,166,171,191,196,206,223,239,245,253,267,280,281,295,302,321,338,340,345,346,349,358,363,368,385,391,396,400,410,414,424,434,435,437,444,445,451,469
Wichita,1,1,3,4,4,5,8,12,15,26,28,30,38,38,44,46,46,47,48,48,50,53,54,56,56,56,56,57,57,58,59,60,60,62,62,62,62,62,62,63,64,65,65,65,65,65,68,70,70,71,74,75,75,75,76,77,78,78
Williamson,8,8,9,13,13,19,22,27,34,37,37,42,50,55,63,71,76,77,81,87,97,103,110,113,117,119,124,128,140,146,151,155,156,158,167,182,206,211,262,287,287,293,301,306,313,323,328,333,341,352,361,368,377,380,397,424,442,451
Pending County Assignment,19,83,69,65,63,0,0,0,0,0,0,0,0,0,0,0,0,0,0,0,0,0,0,0,0,0,0,0,0,0,0,0,0,0,0,0,0,0,0,0,0,0,0,0,0,0,0,0,0,0,0,0,0,0,0,0,0,0
Brown,0,1,1,1,2,2,3,3,3,3,3,3,3,3,4,4,5,6,6,6,8,8,10,10,10,11,11,12,12,12,13,13,13,13,13,17,17,17,28,34,34,36,36,36,36,36,38,38,38,38,38,38,38,38,51,51,51,51
Castro,0,1,1,2,2,3,6,7,8,8,8,8,8,8,9,10,10,10,10,10,10,10,10,11,11,11,11,11,11,11,11,11,11,12,13,13,13,13,13,13,13,13,15,15,15,18,18,20,22,22,22,23,23,23,24,25,27,26
Deaf Smith,0,1,1,1,2,2,2,2,2,2,2,2,2,2,3,5,5,7,7,7,7,7,7,7,8,11,11,11,11,11,12,12,14,14,17,21,21,21,25,26,26,31,31,34,35,37,38,41,41,46,46,59,59,67,92,93,119,120
Midland,0,1,1,1,1,3,4,6,8,11,13,13,16,16,19,22,24,24,27,30,30,31,31,32,32,32,35,37,41,42,42,43,64,65,67,69,70,71,73,74,75,76,79,82,82,89,90,91,94,100,101,101,101,107,112,115,116,120
Oldham,0,1,1,1,1,1,1,1,1,2,2,2,2,2,2,2,2,2,3,3,3,3,3,3,3,3,3,3,3,3,3,3,3,3,3,3,3,3,3,3,3,3,3,3,3,3,3,3,3,3,3,3,3,3,3,3,4,4
Potter,0,2,2,2,2,2,2,1,2,4,5,5,10,16,21,24,40,40,41,47,58,59,66,70,70,79,79,92,101,110,130,142,160,174,204,221,280,326,333,396,430,499,572,684,766,818,876,907,971,1027,1101,1124,1124,1179,1327,1421,1462,2080
Chambers,0,0,3,1,2,1,2,2,3,3,5,8,9,9,11,11,11,11,17,19,22,24,24,29,29,29,31,33,34,35,35,35,35,36,39,41,41,41,41,41,41,41,42,43,44,45,45,45,47,47,48,49,50,50,50,50,52,52
Comal,0,0,3,3,3,5,7,9,9,9,9,11,11,12,18,18,21,21,22,27,29,34,37,37,37,38,39,43,43,43,43,43,43,45,47,48,48,48,48,49,52,54,55,58,58,58,58,59,61,65,65,65,65,65,68,68,68,70
Nueces,0,0,1,1,1,10,14,18,20,21,22,31,34,40,41,47,50,53,59,65,69,72,72,76,76,79,83,83,87,89,90,90,90,90,90,91,92,94,94,99,99,99,102,106,107,107,113,114,117,123,128,129,132,147,174,186,209,231
Falls,0,0,0,1,1,1,1,1,1,1,1,1,1,1,1,1,1,1,1,1,1,1,1,1,1,1,1,1,1,1,1,1,1,1,1,1,1,2,3,3,4,4,4,4,4,4,6,6,6,6,6,6,6,6,6,6,6,6
Hidalgo,0,0,0,2,2,2,7,11,18,27,28,38,46,62,79,86,86,99,113,113,139,146,181,188,190,198,217,225,235,242,255,261,268,275,281,290,299,303,308,310,315,324,334,339,340,341,353,353,359,368,377,387,389,394,403,409,417,425
Parker,0,0,0,1,1,1,2,2,4,4,4,4,4,4,5,6,6,6,6,6,9,11,13,13,14,15,16,17,20,21,21,21,21,21,22,23,24,24,24,25,30,30,30,35,35,39,40,41,43,44,45,45,45,45,47,56,57,57
Grayson,0,0,0,0,1,2,2,2,2,3,6,7,8,11,12,12,12,13,14,15,15,17,17,17,17,17,19,19,19,19,19,19,19,19,19,19,22,22,23,24,27,31,34,38,41,49,53,58,60,78,83,89,91,105,112,122,129,140
Guadalupe,0,0,0,0,0,4,8,8,8,10,13,15,17,20,23,26,28,28,39,45,46,47,47,49,49,50,50,53,53,53,57,58,60,63,64,64,67,68,69,69,80,80,81,85,85,86,87,88,90,92,92,95,97,99,99,101,106,109
Jefferson,0,0,0,0,0,3,7,8,12,16,18,18,27,31,40,29,51,59,78,78,87,94,100,100,124,134,140,143,157,167,167,180,196,209,224,234,243,266,268,288,298,305,307,318,319,325,333,335,336,353,360,376,381,385,399,396,429,436
Wharton,0,0,0,0,0,3,3,3,3,6,6,6,7,9,9,9,9,12,17,17,18,20,23,26,27,28,31,32,32,34,34,34,36,36,36,36,36,37,36,36,36,37,37,37,37,39,40,40,40,41,41,41,41,42,42,42,42,42
Atascosa,0,0,0,0,0,2,2,2,2,2,2,2,2,2,2,2,2,3,4,5,5,7,8,9,9,9,9,9,9,10,10,12,14,14,14,14,14,14,14,16,16,19,19,19,19,19,19,21,22,22,22,22,24,27,27,27,30,30
Eastland,0,0,0,0,0,2,2,2,3,3,3,3,3,3,3,3,3,3,3,3,3,3,3,3,3,3,3,3,3,3,3,3,3,3,3,3,3,3,3,3,3,3,3,3,3,3,3,3,3,3,3,3,3,3,3,4,4,5
Grimes,0,0,0,0,0,2,2,2,2,2,2,3,3,3,3,3,3,3,4,6,5,6,6,7,7,7,7,9,10,10,10,10,10,10,10,13,13,13,15,16,16,19,19,21,22,22,22,25,25,37,42,42,42,42,54,56,63,65
Hardin,0,0,0,0,0,2,2,4,6,9,9,12,13,14,15,14,26,26,28,41,41,41,47,61,61,61,65,66,67,67,73,73,85,89,91,91,92,92,92,96,99,99,100,103,103,103,112,112,113,113,113,115,115,115,115,116,116,117
Kaufman,0,0,0,0,0,2,2,2,2,2,3,3,4,5,9,10,10,9,14,16,19,24,26,26,28,32,33,33,38,42,42,44,48,51,58,62,71,71,74,75,83,86,86,87,87,90,96,101,106,111,116,116,120,127,133,137,143,147
Kendall,0,0,0,0,0,2,3,4,6,7,7,7,7,8,8,9,10,9,9,9,9,10,10,11,11,12,14,14,14,14,14,14,14,14,15,15,16,16,16,16,16,16,16,16,16,16,17,17,18,18,19,19,19,20,20,20,20,21
Milam,0,0,0,0,0,2,2,2,2,2,2,2,2,2,2,2,3,3,3,7,7,7,7,7,8,8,8,8,9,9,11,12,12,12,13,13,13,13,13,14,14,16,16,16,17,18,18,18,18,18,20,20,20,20,20,22,23,23
Austin,0,0,0,0,0,1,1,1,1,2,2,2,2,4,4,4,5,5,6,7,7,8,8,10,11,12,12,12,12,12,12,12,12,12,12,12,12,12,12,12,13,13,13,13,13,13,13,14,14,14,15,15,15,15,15,16,17,19
Bastrop,0,0,0,0,0,1,2,2,4,5,6,6,8,10,10,7,9,11,15,17,16,19,20,19,19,19,32,37,42,42,43,44,49,51,53,57,57,58,59,59,67,73,82,83,86,89,98,100,107,106,108,109,110,117,120,125,128,132
Blanco,0,0,0,0,0,1,1,1,1,1,1,1,1,1,1,2,2,1,4,4,4,4,4,4,4,4,4,4,5,4,4,4,4,5,6,6,6,6,6,6,6,6,6,6,6,6,6,6,6,6,6,6,6,6,6,6,6,6
Burnet,0,0,0,0,0,1,1,1,1,1,2,2,3,4,4,4,4,4,5,5,5,6,6,6,6,6,7,7,8,8,8,9,13,13,14,14,14,14,15,15,16,19,19,20,19,23,24,24,24,25,26,26,26,28,28,28,28,28
Cass,0,0,0,0,0,1,1,1,2,2,2,2,3,4,4,4,4,3,4,4,4,4,4,5,5,5,5,5,5,10,11,11,10,10,10,12,12,13,13,13,13,13,14,15,15,15,16,17,17,17,17,20,20,17,17,17,18,19
Coryell,0,0,0,0,0,1,1,1,1,1,1,1,1,1,2,4,5,8,11,12,17,18,34,34,34,34,60,70,71,75,75,75,84,86,86,103,104,105,105,105,105,155,158,160,162,162,180,190,201,205,207,208,208,211,217,220,221,224
De Witt,0,0,0,0,0,1,2,3,3,3,3,3,4,4,6,6,7,7,7,7,8,8,9,9,9,10,10,10,10,13,13,13,14,14,14,14,15,15,15,15,15,15,15,15,15,15,15,15,15,15,0,0,0,0,0,0,0,0
Erath,0,0,0,0,0,1,1,1,1,1,1,1,2,2,3,7,7,7,8,9,10,10,12,12,12,12,12,12,12,12,12,12,12,12,12,12,12,12,12,12,12,12,12,12,12,12,12,13,15,14,14,14,14,14,14,15,15,15
Fayette,0,0,0,0,0,1,1,1,1,1,2,2,4,4,10,10,11,9,9,9,8,9,9,10,10,10,12,13,15,15,15,15,14,15,15,15,14,14,14,14,14,14,15,15,15,15,17,17,19,21,24,25,25,26,26,28,26,29
Gaines,0,0,0,0,0,1,1,1,1,1,1,1,1,1,1,1,1,1,1,1,1,1,1,1,2,2,2,2,2,2,2,2,2,2,2,2,2,2,2,2,2,2,2,2,2,2,3,3,3,3,3,3,3,4,4,4,5,5
Hopkins,0,0,0,0,0,1,1,1,1,1,2,2,3,3,3,3,4,4,4,4,4,4,4,4,4,4,4,4,4,4,4,4,4,4,4,4,4,4,4,4,4,4,4,6,6,6,6,6,7,7,7,8,8,8,8,8,8,8
Hunt,0,0,0,0,0,1,1,1,1,1,3,4,4,4,8,8,8,1,1,14,15,15,16,18,18,22,22,25,25,25,26,32,35,38,37,37,38,39,41,44,44,44,47,48,49,49,52,54,54,56,57,57,57,58,58,58,66,66
Lamar,0,0,0,0,0,1,1,1,3,3,3,3,3,3,3,5,5,6,6,6,8,8,8,8,8,8,7,7,7,7,7,7,7,8,7,8,8,8,8,51,51,51,61,67,67,67,69,71,76,77,77,89,89,96,104,105,111,111
Liberty,0,0,0,0,0,1,1,2,2,2,2,2,3,4,5,5,6,6,12,15,15,16,17,19,19,20,23,25,25,29,32,32,33,37,36,37,38,38,38,39,41,42,43,45,45,45,46,47,48,49,62,64,66,70,72,72,72,75
Limestone,0,0,0,0,0,1,1,1,1,1,2,2,2,3,3,3,3,3,6,6,7,9,11,11,11,11,11,11,11,11,11,11,11,11,11,11,11,11,12,13,12,12,12,13,13,13,13,13,13,13,14,15,15,15,15,15,15,15
Llano,0,0,0,0,0,1,2,2,2,2,3,3,3,3,3,3,3,2,3,3,3,3,3,3,3,3,3,3,3,3,3,3,3,3,3,3,3,3,3,3,3,3,3,3,3,3,3,3,3,3,3,3,3,3,3,3,3,3
Maverick,0,0,0,0,0,1,1,1,1,1,1,1,1,3,4,4,4,5,5,7,7,8,9,9,9,10,10,10,12,12,12,12,15,15,14,14,16,16,16,16,16,16,24,24,24,24,26,26,26,26,26,26,26,41,41,52,57,57
Morris,0,0,0,0,0,1,1,1,1,1,1,1,1,1,1,1,1,1,1,1,2,3,3,3,3,3,3,3,4,4,5,5,5,5,5,5,5,5,5,5,5,5,5,8,9,9,9,9,9,9,9,9,9,9,9,10,10,11
Orange,0,0,0,0,0,1,1,1,1,1,5,5,7,7,7,12,22,22,26,29,30,30,33,44,44,45,46,47,48,48,49,49,58,59,59,63,64,64,64,64,70,70,71,71,71,71,77,79,81,81,85,85,85,85,84,84,87,87
Robertson,0,0,0,0,0,1,1,1,2,2,2,2,2,2,2,2,2,2,2,2,2,2,2,2,2,2,2,2,2,2,2,2,2,2,2,2,2,2,2,2,4,3,4,4,4,4,4,4,5,5,5,5,5,5,6,6,6,6
Terry,0,0,0,0,0,1,3,1,1,3,3,4,4,4,4,4,4,4,4,6,6,6,6,6,10,10,10,10,10,10,10,10,10,10,10,10,10,10,10,10,10,11,11,11,11,11,12,12,12,12,12,12,12,12,12,12,12,12
Tom Green,0,0,0,0,0,1,2,2,3,3,5,6,9,9,10,17,20,21,24,25,25,32,33,35,35,39,39,40,41,41,41,41,41,41,41,42,41,43,44,44,44,49,48,50,54,55,56,56,58,59,59,59,59,59,59,59,60,61
Upshur,0,0,0,0,0,1,1,1,1,1,2,2,2,3,3,3,3,3,5,6,6,6,6,8,8,9,9,9,9,9,9,9,9,12,12,13,13,13,13,13,13,14,15,15,15,15,15,16,16,17,17,17,17,17,17,17,18,18
Van Zandt,0,0,0,0,0,1,1,1,1,1,2,2,2,3,3,4,4,4,5,7,7,10,10,10,10,10,10,11,11,12,12,12,12,13,13,13,13,13,13,14,14,14,15,16,16,16,16,18,18,18,18,18,18,18,22,22,22,22
Walker,0,0,0,0,0,1,3,2,3,3,3,3,5,7,5,8,10,10,10,10,11,13,17,17,21,38,38,58,67,68,77,73,95,95,136,151,164,164,192,200,212,245,269,269,298,298,293,303,315,332,337,340,342,342,393,363,373,405
Wilson,0,0,0,0,0,1,1,1,2,2,2,3,5,5,6,6,6,6,7,8,9,10,10,11,11,11,12,13,19,19,21,21,22,23,25,25,26,29,29,29,31,32,32,33,33,33,34,34,34,34,34,35,36,36,36,36,36,36
Victoria,0,0,0,0,0,0,3,3,3,3,6,9,16,20,27,32,32,35,50,59,66,73,76,77,81,87,89,89,89,89,93,93,95,96,105,105,114,117,121,127,127,132,137,139,139,139,143,146,146,146,148,150,150,150,150,154,154,154
Calhoun,0,0,0,0,0,0,2,2,3,3,3,3,7,8,8,8,11,12,12,12,13,14,14,15,15,19,19,19,21,21,21,21,21,22,23,23,26,26,29,30,30,30,30,31,32,33,34,34,34,36,36,36,36,36,36,36,36,36
Rockwall,0,0,0,0,0,0,2,3,3,4,4,5,9,10,10,11,11,10,11,14,14,16,20,20,22,24,30,30,32,34,34,36,40,48,48,49,51,51,56,58,75,75,75,85,85,88,91,95,96,100,100,100,104,113,116,123,125,134
Angelina,0,0,0,0,0,0,1,2,1,3,3,4,5,5,8,10,10,14,14,14,15,16,16,16,16,17,17,20,23,23,23,23,27,30,31,33,36,36,36,46,49,53,54,55,55,55,79,86,93,100,100,100,100,117,117,119,131,139
Jackson,0,0,0,0,0,0,1,1,1,1,1,1,1,2,3,3,3,3,4,4,4,4,4,4,4,4,4,4,4,4,4,4,6,6,6,6,6,6,6,6,6,6,8,10,14,14,14,14,14,14,14,14,14,15,15,15,15,15
Karnes,0,0,0,0,0,0,1,1,1,2,2,2,2,2,2,2,2,2,2,2,2,2,2,2,2,3,3,3,3,3,3,3,3,3,3,3,3,3,3,3,3,3,3,3,3,3,3,3,3,3,3,3,3,3,4,4,4,3
Martin,0,0,0,0,0,0,1,1,1,1,1,1,1,1,1,1,1,2,2,2,2,2,2,2,2,2,2,2,2,2,2,2,2,2,2,2,2,2,2,2,2,2,2,2,2,2,3,3,3,3,3,3,3,3,3,3,3,3
Nacogdoches,0,0,0,0,0,0,1,1,1,2,2,2,4,5,12,15,16,18,21,25,25,29,30,47,48,56,64,69,75,88,89,91,96,98,110,115,115,125,125,141,141,157,160,172,172,174,187,189,202,202,202,206,211,221,224,227,229,233
San Patricio,0,0,0,0,0,0,1,1,1,1,1,1,2,2,3,4,5,2,2,7,7,7,7,7,7,9,8,8,8,8,8,8,8,9,11,11,12,12,12,13,12,12,12,12,12,13,13,14,16,16,18,20,22,22,22,23,25,25
Val Verde,0,0,0,0,0,0,1,2,4,5,5,5,5,5,5,5,5,5,6,6,6,6,10,10,10,12,12,12,12,12,12,12,12,12,12,12,12,12,12,12,12,12,12,13,13,13,13,13,13,13,13,13,13,13,13,13,13,13
Hood,0,0,0,0,0,0,0,2,3,2,3,6,6,6,8,9,9,9,10,10,11,12,13,13,13,15,15,15,15,15,15,15,15,15,15,16,16,16,16,17,18,18,18,20,20,20,19,19,19,19,19,19,19,21,22,22,22,22
Starr,0,0,0,0,0,0,0,2,2,2,2,2,4,5,5,5,6,7,7,7,7,7,7,7,7,7,7,7,7,7,7,7,7,7,7,7,7,7,7,8,9,9,9,9,9,9,10,10,10,14,14,14,14,14,14,14,16,17
Cherokee,0,0,0,0,0,0,0,1,1,1,1,2,4,5,5,5,5,5,6,6,6,6,6,6,6,7,7,8,8,8,8,8,8,8,8,12,12,12,12,14,14,14,16,17,17,17,19,20,20,18,18,18,18,23,27,27,31,34
Hale,0,0,0,0,0,0,0,1,1,1,1,1,1,1,6,6,7,7,7,7,9,9,11,11,11,11,11,11,11,11,12,12,15,16,16,19,19,19,19,24,24,25,25,26,29,29,29,31,37,37,37,37,37,39,40,41,42,43
Harrison,0,0,0,0,0,0,0,1,1,1,1,1,3,5,5,5,6,8,11,10,12,12,12,16,16,20,34,35,40,42,44,47,58,59,61,69,69,71,86,84,84,102,113,121,140,140,149,160,167,180,180,186,186,189,192,195,200,200
Montague,0,0,0,0,0,0,0,1,1,1,1,1,1,1,1,1,1,1,1,1,1,1,2,2,2,5,5,5,5,5,5,5,6,6,6,6,6,6,6,6,6,6,6,6,6,7,8,9,9,9,9,9,9,9,9,9,9,9
Navarro,0,0,0,0,0,0,0,1,1,1,3,3,4,4,5,5,7,4,4,4,10,11,12,12,12,16,16,18,20,20,20,20,23,24,25,26,28,28,28,28,30,30,31,31,31,31,31,33,34,36,36,36,36,36,37,37,38,38
Shelby,0,0,0,0,0,0,0,1,1,1,2,2,2,4,10,11,11,11,13,17,23,31,34,34,36,40,46,51,53,60,60,60,69,69,85,86,86,97,98,101,101,106,117,117,117,117,129,131,144,149,149,152,152,158,163,167,172,173
Taylor,0,0,0,0,0,0,0,1,2,7,7,11,14,14,18,23,27,31,31,38,43,51,55,59,61,68,74,79,89,126,142,144,144,164,185,191,203,216,222,255,277,291,319,327,348,349,356,378,206,207,208,208,208,210,213,214,215,217
Uvalde,0,0,0,0,0,0,0,1,1,2,2,2,4,4,4,4,4,5,5,5,6,7,6,6,6,6,6,6,6,6,6,6,6,6,6,6,6,6,6,6,6,6,6,6,6,6,6,6,6,6,6,6,6,6,6,6,6,6
Willacy,0,0,0,0,0,0,0,1,1,2,2,2,2,3,5,5,5,5,5,7,5,5,5,5,5,5,6,7,7,8,8,8,9,10,10,10,13,13,13,13,13,13,13,13,13,13,13,13,14,14,14,14,14,14,14,14,14,14
Yoakum,0,0,0,0,0,0,0,1,0,0,0,0,0,0,0,0,0,0,0,0,0,0,0,0,0,0,0,0,0,1,1,1,1,1,1,1,1,1,1,1,1,1,1,1,1,1,2,2,2,2,2,2,2,2,2,2,2,2
Young,0,0,0,0,0,0,0,1,1,1,1,1,3,3,3,3,3,3,3,3,3,3,3,3,3,3,4,4,4,4,4,4,4,4,4,4,4,4,4,4,4,4,4,4,4,4,4,4,4,4,4,4,4,4,4,4,4,4
Washington,0,0,0,0,0,0,0,0,5,5,8,8,17,17,17,17,17,17,21,23,28,34,36,37,37,37,41,46,47,50,52,61,67,71,77,78,103,113,113,136,140,142,144,145,145,145,147,150,153,156,164,164,164,170,175,175,179,181
Randall,0,0,0,0,0,0,0,0,3,3,6,6,6,17,21,24,34,36,36,40,52,56,60,64,64,73,73,80,93,97,103,112,115,117,125,137,149,164,172,191,200,213,234,256,270,279,296,310,333,343,355,358,358,379,413,444,477,593
Andrews,0,0,0,0,0,0,0,0,1,0,0,0,0,0,0,1,6,6,10,10,10,11,11,11,12,13,13,19,19,19,19,19,19,19,19,19,19,19,19,19,19,19,20,20,21,21,21,21,21,21,21,21,21,22,22,22,22,22
Burleson,0,0,0,0,0,0,0,0,1,1,1,1,1,1,1,2,2,2,5,5,5,6,6,6,6,6,8,8,9,8,8,8,9,10,11,11,11,11,11,12,12,12,13,14,14,14,14,14,14,15,15,15,15,16,16,17,17,18
Caldwell,0,0,0,0,0,0,0,0,1,1,1,1,1,1,2,3,3,4,5,5,5,6,6,6,6,6,6,7,7,7,7,8,9,8,10,10,10,11,11,11,11,14,14,20,20,21,23,24,25,25,26,27,30,31,33,33,35,36
Lamb,0,0,0,0,0,0,0,0,1,1,1,1,1,1,1,1,1,1,1,1,1,1,1,1,1,2,2,2,2,2,2,2,2,2,2,2,2,2,3,3,3,3,3,4,4,4,4,4,5,5,5,7,7,8,8,10,10,11
Lynn,0,0,0,0,0,0,0,0,1,1,2,2,2,3,3,3,3,3,3,3,3,5,5,5,5,5,5,5,5,5,5,5,5,5,5,5,5,5,5,5,5,5,5,5,5,5,5,5,5,5,5,5,5,5,5,5,5,5
Waller,0,0,0,0,0,0,0,0,0,3,3,3,3,5,7,8,8,9,11,11,12,13,14,15,16,18,20,22,23,22,24,24,24,27,25,25,28,29,29,31,30,32,33,33,33,33,33,36,37,36,38,37,37,38,37,37,38,39
Dawson,0,0,0,0,0,0,0,0,0,1,1,3,3,3,3,3,3,3,5,5,5,5,6,6,8,8,8,8,12,12,12,13,14,14,18,18,18,21,21,21,21,24,24,26,26,26,29,30,30,30,30,30,30,30,32,32,36,38
Ector,0,0,0,0,0,0,0,0,0,1,3,7,11,12,15,22,22,26,30,30,34,39,40,41,43,45,46,48,55,58,58,58,60,61,62,67,67,67,70,76,78,81,78,78,81,78,84,85,90,94,95,95,99,100,100,102,103,109
Franklin,0,0,0,0,0,0,0,0,0,1,1,1,1,1,1,1,1,1,1,1,1,1,1,1,1,1,1,1,1,1,1,1,1,1,1,1,1,1,1,1,1,1,1,2,2,2,2,3,3,3,3,3,3,3,3,4,4,5
Kleberg,0,0,0,0,0,0,0,0,0,1,1,1,1,2,1,2,2,2,2,2,2,2,2,2,2,2,3,3,5,5,6,6,6,7,7,7,8,8,9,9,8,8,8,10,10,10,10,10,10,10,10,11,11,11,11,11,13,14
Polk,0,0,0,0,0,0,0,0,0,1,1,4,4,4,7,7,7,8,8,8,8,8,9,9,9,11,11,14,14,14,14,14,15,15,17,18,18,18,18,18,19,19,20,20,20,20,30,30,30,35,35,35,35,40,40,46,47,47
San Jacinto,0,0,0,0,0,0,0,0,0,1,1,1,1,1,1,1,1,1,1,3,3,3,5,5,7,8,7,10,10,8,8,8,8,8,8,8,8,9,9,9,9,9,9,10,10,10,10,10,10,10,10,11,11,11,11,12,12,12
Swisher,0,0,0,0,0,0,0,0,0,1,1,1,1,1,1,1,1,1,1,2,2,3,3,4,4,4,4,4,4,4,4,5,5,6,6,7,7,9,9,9,9,9,9,9,9,9,10,11,11,11,11,12,12,13,13,13,14,14
Aransas,0,0,0,0,0,0,0,0,0,0,2,0,0,0,0,0,1,1,1,2,2,2,2,2,2,2,2,2,2,2,2,2,2,2,2,2,2,2,2,2,2,2,2,2,2,2,2,2,2,2,2,2,2,2,2,3,3,3
Hill,0,0,0,0,0,0,0,0,0,0,1,1,2,3,3,5,5,5,5,6,6,8,8,8,8,8,8,9,10,10,10,10,11,12,14,15,15,15,15,15,16,16,16,16,17,17,18,18,18,19,19,19,19,21,21,22,22,22
Jim Wells,0,0,0,0,0,0,0,0,0,0,1,0,0,1,1,2,2,2,2,2,2,2,2,2,2,2,2,2,2,2,2,2,2,2,2,2,3,3,3,3,3,3,3,4,5,5,5,5,5,5,6,7,7,7,7,7,7,8
Leon,0,0,0,0,0,0,0,0,0,0,1,1,2,2,2,2,2,2,2,2,2,3,3,3,3,3,4,4,5,5,5,5,5,5,5,5,5,5,5,5,5,5,6,6,6,6,7,7,7,9,9,9,9,9,9,9,9,9
Moore,0,0,0,0,0,0,0,0,0,0,1,1,1,6,6,6,6,6,7,9,15,21,21,22,22,36,52,59,75,99,106,121,139,162,172,186,192,252,272,294,295,327,350,363,399,399,434,448,454,487,494,527,526,535,521,534,540,544
Wise,0,0,0,0,0,0,0,0,0,0,1,1,3,3,3,3,3,3,3,3,3,4,5,5,5,5,7,7,8,9,9,9,12,13,14,14,15,15,15,15,17,17,17,24,24,26,27,28,28,28,30,30,30,31,35,36,36,36
Colorado,0,0,0,0,0,0,0,0,0,0,0,0,2,2,4,2,2,2,3,6,6,6,7,7,7,7,7,7,7,8,8,8,9,9,10,10,10,10,10,10,10,10,11,11,10,10,10,12,12,13,16,16,16,16,18,18,18,18
Anderson,0,0,0,0,0,0,0,0,0,0,0,0,1,1,1,1,1,1,1,1,2,2,3,3,3,3,4,6,6,6,8,8,10,14,14,16,16,18,19,23,23,29,30,32,32,32,34,38,40,41,41,41,41,50,50,51,52,54
Camp,0,0,0,0,0,0,0,0,0,0,0,0,1,1,1,1,1,1,2,2,3,3,3,3,3,5,5,6,6,6,6,6,6,6,6,6,6,6,6,6,6,6,6,6,7,7,7,7,7,7,7,7,7,7,11,13,16,21
Clay,0,0,0,0,0,0,0,0,0,0,0,0,1,1,1,1,3,1,1,1,1,1,2,2,2,2,3,3,3,3,3,3,3,3,3,3,3,3,3,3,3,3,3,3,3,3,3,3,3,3,3,3,3,3,3,3,3,3
Comanche,0,0,0,0,0,0,0,0,0,0,0,0,1,1,1,1,1,1,3,3,3,3,3,3,3,3,3,3,3,3,3,3,3,3,3,3,3,3,3,3,3,3,3,3,3,3,3,3,3,3,3,3,3,3,3,3,3,3
Gonzales,0,0,0,0,0,0,0,0,0,0,0,0,1,1,1,1,1,1,1,1,2,2,2,2,2,2,2,2,2,2,2,2,2,3,4,4,8,12,12,14,18,20,21,23,27,30,31,31,31,31,40,53,59,59,62,70,73,75
Gray,0,0,0,0,0,0,0,0,0,0,0,0,1,1,1,5,5,9,9,11,12,12,13,13,13,13,13,16,16,17,17,17,20,22,27,32,35,37,37,38,42,47,58,58,58,67,68,71,73,73,73,75,75,76,77,77,88,91
Henderson,0,0,0,0,0,0,0,0,0,0,0,0,1,1,1,1,1,1,1,4,6,8,10,10,10,10,11,12,12,13,13,13,15,19,22,22,22,24,24,24,24,25,25,28,28,28,32,33,34,36,36,41,41,46,47,47,48,48
Kerr,0,0,0,0,0,0,0,0,0,0,0,0,1,1,2,2,2,2,2,2,2,2,2,2,2,2,3,4,4,4,4,4,4,4,5,5,5,6,5,5,5,5,5,5,5,5,5,6,6,7,9,9,9,9,9,10,10,10
Live Oak,0,0,0,0,0,0,0,0,0,0,0,0,1,2,3,3,3,3,3,3,3,3,3,3,3,3,3,3,3,3,3,3,3,5,5,5,5,5,5,5,5,5,5,5,5,5,5,5,5,5,5,5,5,5,5,5,6,6
Newton,0,0,0,0,0,0,0,0,0,0,0,0,1,1,1,1,1,1,1,1,1,1,2,2,2,2,2,2,2,2,2,2,2,2,2,2,2,2,2,2,2,2,2,2,2,2,2,4,4,4,4,4,4,4,4,4,4,4
San Augustine,0,0,0,0,0,0,0,0,0,0,0,0,1,1,4,4,4,4,4,4,7,9,9,9,9,9,9,11,14,14,14,14,14,14,15,16,16,16,16,16,16,16,19,19,19,19,19,21,21,21,21,21,21,22,22,22,22,22
Wood,0,0,0,0,0,0,0,0,0,0,0,0,1,1,1,1,2,3,4,4,4,5,5,5,5,6,6,6,6,6,6,6,6,6,6,7,7,7,7,7,7,8,9,10,10,10,11,11,11,13,13,14,14,15,15,15,17,18
Panola,0,0,0,0,0,0,0,0,0,0,0,0,0,3,4,4,4,4,4,4,7,10,10,10,13,20,22,32,35,37,37,38,42,49,61,70,70,76,78,80,80,107,128,133,133,135,135,136,139,138,138,142,144,149,149,155,158,159
Jasper,0,0,0,0,0,0,0,0,0,0,0,0,0,2,2,2,2,2,2,2,2,3,7,7,7,7,6,6,6,6,6,7,10,10,10,10,10,12,12,12,12,16,16,18,18,18,18,18,18,19,19,19,19,19,19,19,23,23
Donley,0,0,0,0,0,0,0,0,0,0,0,0,0,1,5,5,7,7,7,13,14,21,23,22,22,22,22,23,23,23,23,23,24,24,24,24,24,24,24,24,24,24,24,25,25,25,25,25,25,25,25,26,26,25,25,25,26,25
Gillespie,0,0,0,0,0,0,0,0,0,0,0,0,0,1,1,2,2,3,1,1,1,1,1,1,1,1,1,1,1,1,1,1,1,1,1,1,1,1,1,1,1,1,2,3,3,4,4,4,4,4,4,4,4,4,4,4,4,4
Goliad,0,0,0,0,0,0,0,0,0,0,0,0,0,1,1,1,1,3,3,3,3,4,4,4,4,4,5,5,5,5,5,5,6,6,6,6,6,7,7,7,7,7,7,7,7,7,7,7,7,7,7,7,7,7,7,7,7,7
Lee,0,0,0,0,0,0,0,0,0,0,0,0,0,1,2,2,2,2,2,2,2,2,2,2,2,2,2,2,2,2,2,2,2,2,2,2,2,2,2,2,2,2,2,2,2,2,2,2,2,4,5,5,5,6,6,6,6,6
Palo Pinto,0,0,0,0,0,0,0,0,0,0,0,0,0,1,1,1,1,1,2,3,4,4,4,4,4,5,5,6,6,6,6,7,7,7,7,7,7,7,7,7,7,7,7,8,8,8,8,9,9,9,9,9,9,9,9,9,9,9
Lampasas,0,0,0,0,0,0,0,0,0,0,0,0,0,0,1,1,1,2,2,2,2,3,2,2,2,2,3,2,2,2,2,2,2,2,2,2,2,2,2,3,3,3,3,4,4,4,5,5,6,6,8,8,8,8,8,8,8,8
Titus,0,0,0,0,0,0,0,0,0,0,0,0,0,0,1,1,1,1,2,2,4,6,6,6,6,7,8,8,8,8,9,9,11,12,12,15,15,15,15,15,15,16,17,17,20,20,21,23,27,29,29,35,35,37,59,74,83,96
Hutchinson,0,0,0,0,0,0,0,0,0,0,0,0,0,0,0,2,2,2,2,2,2,2,2,2,3,3,3,6,6,7,7,8,8,8,9,10,11,11,13,13,13,14,14,14,16,16,19,20,19,19,20,21,21,22,25,25,25,25
Trinity,0,0,0,0,0,0,0,0,0,0,0,0,0,0,0,2,2,2,2,2,3,3,3,3,3,4,4,7,7,7,7,7,7,7,7,8,8,8,8,8,8,8,8,8,8,8,9,10,10,11,11,11,11,11,11,11,11,11
Hemphill,0,0,0,0,0,0,0,0,0,0,0,0,0,0,0,1,1,1,1,1,1,1,1,1,1,1,1,1,1,1,1,1,1,1,1,1,1,1,1,1,1,1,1,1,1,1,1,1,1,1,1,1,1,1,1,1,1,1
Mason,0,0,0,0,0,0,0,0,0,0,0,0,0,0,0,1,1,1,1,1,1,1,1,1,1,1,1,1,1,1,1,1,1,1,1,1,1,1,5,5,15,15,21,24,24,24,26,27,28,28,28,28,28,28,28,28,28,31
Tyler,0,0,0,0,0,0,0,0,0,0,0,0,0,0,0,1,1,1,1,1,1,1,2,2,2,2,3,4,4,5,5,6,6,6,6,6,6,6,6,6,6,6,6,6,6,6,7,7,7,7,7,7,7,7,7,7,7,9
Crosby,0,0,0,0,0,0,0,0,0,0,0,0,0,0,0,0,0,1,1,1,1,1,1,1,1,1,1,1,1,1,1,1,1,1,1,2,2,2,2,2,2,2,2,2,2,2,2,2,2,2,2,2,2,2,2,2,2,2
Dallam,0,0,0,0,0,0,0,0,0,0,0,0,0,0,0,0,0,1,1,1,1,1,1,1,1,2,2,2,3,3,3,2,2,3,3,4,8,8,8,8,10,10,10,12,12,13,10,10,10,11,13,13,14,16,17,19,21,20
Hansford,0,0,0,0,0,0,0,0,0,0,0,0,0,0,0,0,0,1,1,1,1,1,1,1,1,1,1,1,1,1,1,1,1,1,2,2,4,4,4,5,5,6,6,6,7,7,11,11,11,12,12,12,12,13,13,15,15,16
Pecos,0,0,0,0,0,0,0,0,0,0,0,0,0,0,0,0,0,1,1,1,1,1,1,1,1,1,5,5,5,5,5,5,5,5,6,6,8,6,9,9,9,9,11,10,10,10,13,14,14,14,15,15,15,19,20,20,20,20
Zapata,0,0,0,0,0,0,0,0,0,0,0,0,0,0,0,0,0,1,1,1,3,3,3,3,3,3,4,4,6,6,6,6,6,7,7,7,7,7,7,7,7,7,7,7,7,7,7,7,7,7,7,7,7,7,7,7,7,7
Callahan,0,0,0,0,0,0,0,0,0,0,0,0,0,0,0,0,0,0,1,1,1,1,1,1,1,1,1,1,1,1,1,1,1,1,1,1,1,1,1,2,2,2,2,2,2,2,2,2,5,6,6,6,6,6,7,8,8,8
Hamilton,0,0,0,0,0,0,0,0,0,0,0,0,0,0,0,0,0,0,1,1,1,1,2,2,2,2,3,3,5,5,5,5,5,5,5,5,5,5,5,5,5,5,5,5,5,5,5,5,5,6,6,6,7,7,6,7,7,7
Knox,0,0,0,0,0,0,0,0,0,0,0,0,0,0,0,0,0,0,1,1,1,1,1,1,1,1,1,1,1,1,1,1,1,1,1,1,1,1,1,1,1,1,1,1,1,1,1,1,1,1,1,1,1,1,1,1,1,1
Mitchell,0,0,0,0,0,0,0,0,0,0,0,0,0,0,0,0,0,0,1,1,1,1,1,1,1,1,1,1,1,1,1,1,1,1,1,1,1,1,1,1,1,1,1,1,1,1,1,1,1,1,1,1,1,1,1,1,1,1
Bee,0,0,0,0,0,0,0,0,0,0,0,0,0,0,0,0,0,0,0,1,1,1,2,2,2,3,3,3,5,5,5,5,5,5,6,6,5,5,5,5,5,6,6,6,6,6,6,6,6,6,6,6,6,6,6,6,6,6
Delta,0,0,0,0,0,0,0,0,0,0,0,0,0,0,0,0,0,0,0,1,1,1,1,1,1,1,1,1,1,1,1,1,1,1,1,1,1,1,1,1,1,1,1,1,1,1,1,1,1,1,1,1,1,1,1,1,1,1
Dickens,0,0,0,0,0,0,0,0,0,0,0,0,0,0,0,0,0,0,0,1,1,1,2,2,1,1,1,1,1,1,1,1,1,1,1,1,1,1,1,1,1,1,1,1,1,1,1,1,1,1,1,1,1,1,1,1,1,1
Floyd,0,0,0,0,0,0,0,0,0,0,0,0,0,0,0,0,0,0,0,1,1,1,1,1,1,1,2,2,2,2,2,2,2,2,3,3,3,3,3,3,3,3,3,3,3,3,4,4,4,4,4,4,4,4,4,4,4,4
Frio,0,0,0,0,0,0,0,0,0,0,0,0,0,0,0,0,0,0,0,1,1,1,1,1,1,1,1,1,1,1,1,1,1,1,1,1,3,3,3,4,7,7,7,8,10,10,10,10,25,25,34,34,34,34,34,34,34,35
Jones,0,0,0,0,0,0,0,0,0,0,0,0,0,0,0,0,0,0,0,1,1,2,2,2,2,2,2,3,3,3,3,3,3,3,4,7,13,13,13,13,37,37,37,62,62,78,78,84,84,87,92,92,95,96,101,110,110,112
Bandera,0,0,0,0,0,0,0,0,0,0,0,0,0,0,0,0,0,0,0,0,1,1,2,2,2,2,2,3,4,4,4,4,4,4,4,4,4,6,6,6,6,6,6,6,6,6,6,6,6,6,6,6,6,6,6,6,6,6
Jack,0,0,0,0,0,0,0,0,0,0,0,0,0,0,0,0,0,0,0,0,1,1,1,1,1,2,3,3,3,3,3,3,4,4,4,4,4,4,4,4,4,4,4,4,4,4,4,4,4,4,4,4,4,4,4,4,4,4
McCulloch,0,0,0,0,0,0,0,0,0,0,0,0,0,0,0,0,0,0,0,0,1,2,3,3,3,3,3,3,3,3,3,3,3,3,3,3,3,3,3,3,3,3,3,3,3,3,3,3,3,3,3,3,3,3,3,3,3,3
Concho,0,0,0,0,0,0,0,0,0,0,0,0,0,0,0,0,0,0,0,0,0,1,1,1,1,1,1,1,1,1,1,1,1,1,1,1,1,1,1,1,1,1,1,1,1,1,1,1,1,1,1,1,1,1,1,1,1,1
Cooke,0,0,0,0,0,0,0,0,0,0,0,0,0,0,0,0,0,0,0,0,0,1,1,1,1,1,2,2,2,3,3,3,4,4,4,4,4,4,4,4,8,7,7,8,8,9,9,11,11,11,12,12,12,12,13,13,13,13
Howard,0,0,0,0,0,0,0,0,0,0,0,0,0,0,0,0,0,0,0,0,0,1,1,1,1,1,1,1,1,1,1,1,1,1,2,4,4,4,4,4,4,4,4,4,4,4,5,6,6,6,6,6,6,6,6,6,6,6
Rains,0,0,0,0,0,0,0,0,0,0,0,0,0,0,0,0,0,0,0,0,0,1,1,1,1,1,2,2,2,2,2,2,2,2,2,2,2,2,2,2,2,2,2,2,2,2,2,2,2,2,2,2,2,2,2,2,2,2
Stephens,0,0,0,0,0,0,0,0,0,0,0,0,0,0,0,0,0,0,0,0,0,1,1,1,1,1,1,1,1,1,1,1,1,1,1,1,1,1,1,1,1,1,1,1,1,1,1,1,1,1,1,1,1,1,2,2,2,2
Winkler,0,0,0,0,0,0,0,0,0,0,0,0,0,0,0,0,0,0,0,0,0,1,1,1,1,1,2,2,3,3,3,3,3,3,3,3,3,3,3,3,3,3,3,3,3,3,3,3,3,3,3,3,3,3,3,3,3,3
Dimmit,0,0,0,0,0,0,0,0,0,0,0,0,0,0,0,0,0,0,0,0,0,0,1,1,1,1,1,1,1,1,1,1,1,1,1,1,1,1,1,1,1,1,1,1,1,1,1,1,1,1,1,1,1,1,1,1,1,1
Motley,0,0,0,0,0,0,0,0,0,0,0,0,0,0,0,0,0,0,0,0,0,0,0,0,1,1,1,1,1,1,1,1,1,1,1,1,1,1,1,1,1,1,1,1,1,1,1,1,1,1,1,1,1,1,1,1,1,1
Armstrong,0,0,0,0,0,0,0,0,0,0,0,0,0,0,0,0,0,0,0,0,0,0,0,0,0,1,1,1,1,1,1,1,1,1,1,1,2,2,2,2,2,2,2,2,2,2,2,2,2,2,2,2,2,2,2,2,2,2
Duval,0,0,0,0,0,0,0,0,0,0,0,0,0,0,0,0,0,0,0,0,0,0,0,0,0,1,1,1,1,1,1,1,1,1,1,1,2,2,2,2,2,2,2,3,3,3,3,3,3,3,5,5,5,5,5,5,5,5
Wilbarger,0,0,0,0,0,0,0,0,0,0,0,0,0,0,0,0,0,0,0,0,0,0,0,0,0,1,1,1,1,1,1,1,1,1,1,1,1,1,1,1,1,1,1,1,1,1,1,2,2,2,2,2,2,2,2,2,5,5
Bosque,0,0,0,0,0,0,0,0,0,0,0,0,0,0,0,0,0,0,0,0,0,0,0,0,0,0,1,1,1,1,1,1,3,3,3,3,3,4,4,4,4,4,4,4,4,4,5,5,5,5,5,5,5,6,6,6,6,6
Freestone,0,0,0,0,0,0,0,0,0,0,0,0,0,0,0,0,0,0,0,0,0,0,0,0,0,0,1,1,1,3,3,3,3,3,3,3,3,3,3,3,3,3,5,6,7,7,7,7,7,7,7,7,7,7,7,8,7,7
Madison,0,0,0,0,0,0,0,0,0,0,0,0,0,0,0,0,0,0,0,0,0,0,0,0,0,0,1,1,1,2,2,2,2,2,2,2,2,2,2,2,2,1,1,1,1,1,1,1,2,3,3,3,3,2,2,4,6,8
Sherman,0,0,0,0,0,0,0,0,0,0,0,0,0,0,0,0,0,0,0,0,0,0,0,0,0,0,0,4,6,7,7,7,7,9,10,10,11,12,14,14,14,15,17,17,18,18,18,18,19,20,20,23,23,23,23,23,23,23
Marion,0,0,0,0,0,0,0,0,0,0,0,0,0,0,0,0,0,0,0,0,0,0,0,0,0,0,0,3,3,3,3,3,6,6,6,6,6,7,9,9,9,13,14,14,15,15,15,15,15,16,16,15,15,15,15,15,15,15
La Salle,0,0,0,0,0,0,0,0,0,0,0,0,0,0,0,0,0,0,0,0,0,0,0,0,0,0,0,1,1,1,1,1,1,1,1,1,1,1,1,1,1,1,1,1,1,1,1,1,1,1,2,2,2,2,3,4,4,4
Red River,0,0,0,0,0,0,0,0,0,0,0,0,0,0,0,0,0,0,0,0,0,0,0,0,0,0,0,1,1,1,1,1,1,1,1,1,1,1,1,1,1,1,1,1,1,1,1,1,2,3,3,9,9,27,28,33,35,35
Roberts,0,0,0,0,0,0,0,0,0,0,0,0,0,0,0,0,0,0,0,0,0,0,0,0,0,0,0,1,1,2,2,2,2,2,2,2,2,2,2,2,2,2,2,2,2,2,2,2,2,2,2,2,2,2,2,2,2,2
Sabine,0,0,0,0,0,0,0,0,0,0,0,0,0,0,0,0,0,0,0,0,0,0,0,0,0,0,0,1,1,1,1,1,1,1,1,1,1,1,1,1,1,1,1,1,1,1,1,1,2,2,2,2,2,3,3,3,3,3
Scurry,0,0,0,0,0,0,0,0,0,0,0,0,0,0,0,0,0,0,0,0,0,0,0,0,0,0,0,1,1,1,1,2,2,2,2,2,2,2,2,2,2,2,2,2,2,2,2,2,2,2,2,2,2,2,2,2,2,2
Zavala,0,0,0,0,0,0,0,0,0,0,0,0,0,0,0,0,0,0,0,0,0,0,0,0,0,0,0,0,1,1,1,1,1,1,1,1,1,1,1,1,1,1,1,1,1,1,1,1,1,1,2,2,2,7,9,9,9,9
Carson,0,0,0,0,0,0,0,0,0,0,0,0,0,0,0,0,0,0,0,0,0,0,0,0,0,0,0,0,0,1,1,1,1,1,1,1,1,1,1,1,2,2,2,2,3,3,3,3,3,3,3,3,3,3,3,3,3,3
Childress,0,0,0,0,0,0,0,0,0,0,0,0,0,0,0,0,0,0,0,0,0,0,0,0,0,0,0,0,0,0,1,1,1,1,1,1,1,1,1,1,1,1,1,1,1,1,1,1,1,1,1,2,2,2,2,2,2,2
Houston,0,0,0,0,0,0,0,0,0,0,0,0,0,0,0,0,0,0,0,0,0,0,0,0,0,0,0,0,0,0,1,1,1,1,4,4,4,4,4,5,5,5,6,7,7,7,8,9,10,10,10,13,13,14,21,71,74,76
Parmer,0,0,0,0,0,0,0,0,0,0,0,0,0,0,0,0,0,0,0,0,0,0,0,0,0,0,0,0,0,0,1,1,2,3,3,4,4,4,4,6,6,6,8,8,8,13,13,14,17,17,19,19,19,21,22,23,23,25
Hartley,0,0,0,0,0,0,0,0,0,0,0,0,0,0,0,0,0,0,0,0,0,0,0,0,0,0,0,0,0,0,0,1,1,1,2,4,4,4,4,4,4,4,5,5,5,5,7,7,7,7,8,8,8,9,9,9,9,9
Brooks,0,0,0,0,0,0,0,0,0,0,0,0,0,0,0,0,0,0,0,0,0,0,0,0,0,0,0,0,0,0,0,0,0,1,1,1,1,1,1,1,1,1,1,1,1,1,1,1,1,1,1,1,1,1,1,1,1,1
Wheeler,0,0,0,0,0,0,0,0,0,0,0,0,0,0,0,0,0,0,0,0,0,0,0,0,0,0,0,0,0,0,0,0,0,1,1,3,3,5,5,5,7,7,7,8,9,9,11,12,12,13,13,14,14,14,14,14,14,14
Cochran,0,0,0,0,0,0,0,0,0,0,0,0,0,0,0,0,0,0,0,0,0,0,0,0,0,0,0,0,0,0,0,0,0,0,1,1,1,1,1,1,1,1,1,1,1,1,1,1,1,1,1,1,1,1,1,1,1,1
Jim Hogg,0,0,0,0,0,0,0,0,0,0,0,0,0,0,0,0,0,0,0,0,0,0,0,0,0,0,0,0,0,0,0,0,0,0,1,1,1,1,1,3,3,3,3,3,3,3,3,3,3,3,3,3,3,3,3,3,3,4
Nolan,0,0,0,0,0,0,0,0,0,0,0,0,0,0,0,0,0,0,0,0,0,0,0,0,0,0,0,0,0,0,0,0,0,0,0,1,1,1,1,1,1,1,1,2,2,2,2,2,2,2,2,2,2,2,2,2,2,2
Ochiltree,0,0,0,0,0,0,0,0,0,0,0,0,0,0,0,0,0,0,0,0,0,0,0,0,0,0,0,0,0,0,0,0,0,0,0,1,5,5,5,24,25,25,19,19,19,19,25,26,28,29,29,29,29,29,40,40,40,39
Cottle,0,0,0,0,0,0,0,0,0,0,0,0,0,0,0,0,0,0,0,0,0,0,0,0,0,0,0,0,0,0,0,0,0,0,0,0,0,0,1,1,2,2,2,2,2,2,3,3,3,3,4,4,4,4,4,4,4,4
Lipscomb,0,0,0,0,0,0,0,0,0,0,0,0,0,0,0,0,0,0,0,0,0,0,0,0,0,0,0,0,0,0,0,0,0,0,0,0,0,0,0,1,2,2,2,2,2,2,2,2,2,2,2,2,2,2,2,2,2,2
Runnels,0,0,0,0,0,0,0,0,0,0,0,0,0,0,0,0,0,0,0,0,0,0,0,0,0,0,0,0,0,0,0,0,0,0,0,0,0,0,0,1,1,1,1,2,2,2,2,2,2,2,2,2,2,2,2,2,2,2
Garza,0,0,0,0,0,0,0,0,0,0,0,0,0,0,0,0,0,0,0,0,0,0,0,0,0,0,0,0,0,0,0,0,0,0,0,0,0,0,0,0,0,1,1,3,3,3,3,3,3,3,3,3,3,4,4,4,4,4
Glasscock,0,0,0,0,0,0,0,0,0,0,0,0,0,0,0,0,0,0,0,0,0,0,0,0,0,0,0,0,0,0,0,0,0,0,0,0,0,0,0,0,0,1,1,1,1,1,1,1,1,1,1,1,1,1,1,1,1,1
Brewster,0,0,0,0,0,0,0,0,0,0,0,0,0,0,0,0,0,0,0,0,0,0,0,0,0,0,0,0,0,0,0,0,0,0,0,0,0,0,0,0,0,0,1,1,1,1,1,1,1,1,1,1,1,1,1,1,1,1
Briscoe,0,0,0,0,0,0,0,0,0,0,0,0,0,0,0,0,0,0,0,0,0,0,0,0,0,0,0,0,0,0,0,0,0,0,0,0,0,0,0,0,0,0,0,1,1,1,1,1,1,1,1,1,1,1,1,1,1,1
Coleman,0,0,0,0,0,0,0,0,0,0,0,0,0,0,0,0,0,0,0,0,0,0,0,0,0,0,0,0,0,0,0,0,0,0,0,0,0,0,0,0,0,0,0,1,1,1,1,1,2,2,2,2,2,2,2,2,2,2
Refugio,0,0,0,0,0,0,0,0,0,0,0,0,0,0,0,0,0,0,0,0,0,0,0,0,0,0,0,0,0,0,0,0,0,0,0,0,0,0,0,0,0,0,0,0,0,1,1,1,1,1,1,1,1,2,3,3,3,3
Bailey,0,0,0,0,0,0,0,0,0,0,0,0,0,0,0,0,0,0,0,0,0,0,0,0,0,0,0,0,0,0,0,0,0,0,0,0,0,0,0,0,0,0,0,0,0,0,1,2,2,2,2,3,3,3,3,3,3,6
Coke,0,0,0,0,0,0,0,0,0,0,0,0,0,0,0,0,0,0,0,0,0,0,0,0,0,0,0,0,0,0,0,0,0,0,0,0,0,0,0,0,0,0,0,0,0,0,1,1,1,1,1,1,1,1,1,1,1,1
Collingsworth,0,0,0,0,0,0,0,0,0,0,0,0,0,0,0,0,0,0,0,0,0,0,0,0,0,0,0,0,0,0,0,0,0,0,0,0,0,0,0,0,0,0,0,0,0,0,1,1,1,1,1,4,4,4,4,4,4,4
Shackelford,0,0,0,0,0,0,0,0,0,0,0,0,0,0,0,0,0,0,0,0,0,0,0,0,0,0,0,0,0,0,0,0,0,0,0,0,0,0,0,0,0,0,0,0,0,0,0,0,1,1,1,1,1,1,1,1,1,1
Kimble,0,0,0,0,0,0,0,0,0,0,0,0,0,0,0,0,0,0,0,0,0,0,0,0,0,0,0,0,0,0,0,0,0,0,0,0,0,0,0,0,0,0,0,0,0,0,0,0,0,1,1,1,1,1,1,1,1,1
Reeves,0,0,0,0,0,0,0,0,0,0,0,0,0,0,0,0,0,0,0,0,0,0,0,0,0,0,0,0,0,0,0,0,0,0,0,0,0,0,0,0,0,0,0,0,0,0,0,0,0,1,1,1,1,1,1,1,3,3
Mills,0,0,0,0,0,0,0,0,0,0,0,0,0,0,0,0,0,0,0,0,0,0,0,0,0,0,0,0,0,0,0,0,0,0,0,0,0,0,0,0,0,0,0,0,0,0,0,0,0,0,0,0,0,1,0,0,0,0
Archer,0,0,0,0,0,0,0,0,0,0,0,0,0,0,0,0,0,0,0,0,0,0,0,0,0,0,0,0,0,0,0,0,0,0,0,0,0,0,0,0,0,0,0,0,0,0,0,0,0,0,0,0,0,0,0,0,1,1
Fisher,0,0,0,0,0,0,0,0,0,0,0,0,0,0,0,0,0,0,0,0,0,0,0,0,0,0,0,0,0,0,0,0,0,0,0,0,0,0,0,0,0,0,0,0,0,0,0,0,0,0,0,0,0,0,0,0,1,1
Haskell,0,0,0,0,0,0,0,0,0,0,0,0,0,0,0,0,0,0,0,0,0,0,0,0,0,0,0,0,0,0,0,0,0,0,0,0,0,0,0,0,0,0,0,0,0,0,0,0,0,0,0,0,0,0,0,0,1,1
